spudman_98,64cc5b73-b7ce-45c1-b70a-f9bfc39f7342
mr_hacks101,c0d64ad9-e994-404c-9bee-0b58f0fbda68
mrkovac,39c1b086-eb98-4f1b-a1d7-57bceb412f04
lordzygarde911,bae830c6-860e-4b7a-97ea-0f762aad5594
axovur,6dbbde41-101b-4b64-a2f6-db18b49501f3
dragnlord,85682217-c609-47a2-9fd9-8ae2408a7ac0
robert_beckley,c0a68af6-e4ee-4b2b-b6bd-4287d97f0755
robsalt,a1715a94-02b9-4b78-8b68-256497cef79f
templar_shadow,60da00ec-dd06-4a32-8768-4517a1b5c784
cr00k3dman,a2b6ecd4-6ff0-4a4c-96ef-b65cc997fdba
darkyoshi405,cef2715c-2d59-4b3e-bbc3-1961a446bab2
boshnog,bade76c4-c7ae-40c6-8228-d289d2c27cd5
ash_goldenflame,1f9a23d1-69d3-40c8-91cf-5392dd0d3d9c
vaseliiine,993a492f-d8c2-4140-8ab9-07b3ad1392fa
tzuyulover,6573cff2-bd31-4af0-a7f2-56b6162af6c4
sirmemealot,e3079988-6148-47c8-bd77-cc0b210182b0
minecraft_furby,e0ca2e21-b075-475b-ae7f-70aa382f6399
minim0j0,b0881e5b-c78c-4498-b9f0-964110e44587
clarence6921,ec7c8773-6e10-430d-a07b-0b14966763d2
